{
  "metadata": {
    "created_at": "2025-12-04T23:13:57.641405",
    "total_models": 95,
    "models_with_cards": 94
  },
  "completeness": {
    "card_description": 43.15789473684211,
    "card_use_cases": 17.894736842105264,
    "card_limitations": 7.368421052631578,
    "card_training": 31.57894736842105,
    "has_yaml": 100.0
  },
  "cost_proxies": {
    "models_with_parameters": 86,
    "models_with_quantization": 32,
    "parameter_coverage_pct": 90.52631578947368,
    "quantization_coverage_pct": 33.68421052631579
  },
  "statistics": {
    "median_card_length": 9115,
    "mean_card_length": 14334,
    "models_with_yaml": 93,
    "mean_parameters": 26.681674418604647
  }
}